Fecha,Producto,Numero de Pa√±ales,Precio,Precio por unidad
"11/11/2025, 12:21:38","Dodot talla 1",224,74,0.330
"11/11/2025, 12:21:38","Dodot talla 2",198,49,0.247
"11/11/2025, 12:21:38","Huggies talla 1",160,45,0.281
"11/11/2025, 12:21:38","Lillydoo talla 1",144,39,0.271
"12/11/2025, 10:20:36","Dodot talla 1",224,74,0.330
"12/11/2025, 10:20:36","Dodot talla 2",198,43,0.217
"12/11/2025, 10:20:36","Huggies talla 1",160,45,0.281
"12/11/2025, 10:20:36","Lillydoo talla 1",144,39,0.271
"14/11/2025, 15:25:43","Dodot talla 1",224,73,0.326
"14/11/2025, 15:25:43","Dodot talla 2",198,58,0.293
"14/11/2025, 15:25:43","Huggies talla 1",160,34,0.212
"14/11/2025, 15:25:43","Lillydoo talla 1",144,33,0.229
"19/11/2025, 11:54:03","Dodot talla 1",224,73,0.326
"19/11/2025, 11:54:03","Dodot talla 2",198,58,0.293
"19/11/2025, 11:54:03","Huggies talla 1",160,34,0.212
"19/11/2025, 11:54:03","Lillydoo talla 1",144,33,0.229
"20/11/2025, 9:29:28","Dodot talla 1",224,48,0.214
"20/11/2025, 9:29:28","Dodot talla 2",198,58,0.293
"20/11/2025, 9:29:28","Huggies talla 1",160,34,0.212
"20/11/2025, 9:29:28","Lillydoo talla 1",144,33,0.229
"21/11/2025, 8:35:53","Dodot talla 1",224,48,0.214
"21/11/2025, 8:35:53","Dodot talla 2",198,58,0.293
"21/11/2025, 8:35:53","Huggies talla 1",160,34,0.212
"21/11/2025, 8:35:53","Lillydoo talla 1",144,33,0.229
"22/11/2025, 9:37:21","Dodot talla 1",224,48,0.214
"22/11/2025, 9:37:21","Dodot talla 2",198,58,0.293
"22/11/2025, 9:37:21","Huggies talla 1",160,34,0.212
"22/11/2025, 9:37:21","Lillydoo talla 1",144,33,0.229
"11/22/2025, 10:45:19 AM","Dodot talla 1",224,40,0.179
"11/22/2025, 10:45:19 AM","Huggies talla 1",160,28,0.175
"11/22/2025, 10:45:19 AM","Lillydoo talla 1",144,28,0.194
